seq,IDF1,IDR,IDP,IDTP,IDFN,IDFP,Dets,GT_Dets,IDs,GT_IDs
s03_c010-01,0.3471083567240086,0.28920070389923125,0.4340120925707137,6245,15349,8144,14389,21594,924,56
COMBINED,0.3471083567240086,0.28920070389923125,0.4340120925707137,6245,15349,8144,14389,21594,924,56
